time,pnl,equity,side,enter,exit
2022-01-01 07:00:00+00:00,-3.834946773244075e-05,9999.999961650532,-1,y,
2022-01-01 07:01:00+00:00,-3.833123497248067e-05,9999.999923319298,-1,y,
2022-01-01 07:02:00+00:00,0.003961712041124576,10000.00388503134,-1,,tp/sl
2022-01-01 07:02:00+00:00,0.0039617120259316215,10000.007846743365,-1,,tp/sl
2022-01-01 07:02:00+00:00,-3.8285888917354814e-05,10000.007808457476,-1,y,
2022-01-01 07:03:00+00:00,-3.825869454554671e-05,10000.007770198781,-1,y,
2022-01-01 07:04:00+00:00,0.0039617533008369085,10000.011731952081,-1,,tp/sl
2022-01-01 07:04:00+00:00,-3.8247752718823295e-05,10000.01169370433,-1,y,
2022-01-01 07:05:00+00:00,-0.0030382779698194537,10000.00865542636,-1,,tp/sl
2022-01-01 07:05:00+00:00,-3.8272338456792224e-05,10000.00861715402,-1,y,
2022-01-01 07:06:00+00:00,-0.003038329503231909,10000.005578824517,-1,,tp/sl
2022-01-01 07:06:00+00:00,-0.0030383297605687627,10000.002540494757,-1,,tp/sl
2022-01-01 07:08:00+00:00,-3.829471721605486e-05,10000.00250220004,-1,y,
2022-01-01 07:09:00+00:00,0.003961736065332974,10000.006463936106,-1,,tp/sl
2022-01-01 07:09:00+00:00,-3.8262865876596945e-05,10000.00642567324,-1,y,
2022-01-01 07:10:00+00:00,-3.827739990400799e-05,10000.00638739584,-1,y,
2022-01-01 07:11:00+00:00,-3.827338562284492e-05,10000.006349122456,-1,y,
2022-01-01 07:12:00+00:00,0.0039617831216669916,10000.010310905576,-1,,tp/sl
2022-01-01 07:12:00+00:00,0.003961783106508084,10000.014272688682,-1,,tp/sl
2022-01-01 07:12:00+00:00,0.003961783091343418,10000.018234471774,-1,,tp/sl
2022-01-01 07:12:00+00:00,-3.821740888994884e-05,10000.018196254365,-1,y,
2022-01-01 07:13:00+00:00,-0.003038253373021252,10000.015158000992,-1,,tp/sl
2022-01-01 07:14:00+00:00,-3.822728338787684e-05,10000.015119773709,-1,y,
2022-01-01 07:15:00+00:00,-3.8210958186911124e-05,10000.015081562751,-1,y,
2022-01-01 07:16:00+00:00,0.003961825693683699,10000.019043388445,-1,,tp/sl
2022-01-01 07:16:00+00:00,0.003961825678538738,10000.023005214123,-1,,tp/sl
2022-01-01 07:16:00+00:00,-3.817829947277158e-05,10000.022967035824,-1,y,
2022-01-01 07:17:00+00:00,-3.8158319918922784e-05,10000.022928877504,-1,y,
2022-01-01 07:18:00+00:00,-3.8171384792417294e-05,10000.02289070612,-1,y,
2022-01-01 07:19:00+00:00,-3.816560579141417e-05,10000.022852540513,-1,y,
2022-01-01 07:20:00+00:00,-3.8175642384822554e-05,10000.022814364871,-1,y,
2022-01-01 07:21:00+00:00,-0.003038195688425467,10000.019776169183,-1,,tp/sl
2022-01-01 07:21:00+00:00,-0.003038195665235063,10000.016737973518,-1,,tp/sl
2022-01-01 07:22:00+00:00,-0.0030382360689319046,10000.013699737448,-1,,tp/sl
2022-01-01 07:22:00+00:00,-0.0030382360457390915,10000.010661501403,-1,,tp/sl
2022-01-01 07:22:00+00:00,-0.0030382360225461643,10000.007623265381,-1,,tp/sl
2022-01-01 07:22:00+00:00,-3.822700856229286e-05,10000.007585038373,-1,y,
2022-01-01 07:23:00+00:00,-3.821652632633394e-05,10000.007546821846,-1,y,
2022-01-01 07:24:00+00:00,0.003961829550949559,10000.011508651396,-1,,tp/sl
2022-01-01 07:24:00+00:00,0.003961829535804681,10000.015470480932,-1,,tp/sl
2022-01-02 07:00:00+00:00,-3.609320985344771e-05,10000.015434387722,-1,y,
2022-01-02 07:01:00+00:00,-0.0030361407621326856,10000.01239824696,-1,,tp/sl
2022-01-02 07:01:00+00:00,-3.613400988395776e-05,10000.01236211295,-1,y,
2022-01-02 07:02:00+00:00,-0.0030361694470501382,10000.009325943503,-1,,tp/sl
2022-01-02 07:06:00+00:00,-3.6194346078869134e-05,10000.009289749158,1,y,
2022-01-02 07:07:00+00:00,-3.618361210413443e-05,10000.009253565546,1,y,
2022-01-02 07:08:00+00:00,-3.6190431235029745e-05,10000.009217375115,1,y,
2022-01-02 07:09:00+00:00,0.003963790132649637,10000.013181165246,1,,tp/sl
2022-01-02 07:09:00+00:00,-3.6215697344993434e-05,10000.01314494955,1,y,
2022-01-02 07:10:00+00:00,-3.619942484217759e-05,10000.013108750125,1,y,
2022-01-02 07:11:00+00:00,-0.0030361834400943204,10000.010072566685,1,,tp/sl
2022-01-02 07:11:00+00:00,-3.618157450012712e-05,10000.01003638511,1,y,
2022-01-02 07:12:00+00:00,-0.003036147716880092,10000.007000237394,1,,tp/sl
2022-01-02 07:12:00+00:00,-0.003036147694905095,10000.0039640897,1,,tp/sl
2022-01-02 07:12:00+00:00,-0.0030361488763856596,10000.000927940822,1,,tp/sl
2022-01-02 07:12:00+00:00,-0.0030361479435657077,9999.997891792878,1,,tp/sl
2022-01-02 07:12:00+00:00,-3.614697776799164e-05,9999.997855645901,1,y,
2022-01-02 07:13:00+00:00,-0.0030361134782186106,9999.994819532423,1,,tp/sl
2022-01-02 07:13:00+00:00,-3.6116199584461315e-05,9999.994783416223,1,y,
2022-01-02 07:14:00+00:00,-0.003036059759379918,9999.991747356464,1,,tp/sl
2022-01-02 07:14:00+00:00,-3.606340243978231e-05,9999.991711293062,1,y,
2022-01-02 07:15:00+00:00,-3.6080263322257594e-05,9999.991675212797,-1,y,
2022-01-02 07:16:00+00:00,0.003963862081762483,9999.99563907488,1,,tp/sl
2022-01-02 07:16:00+00:00,-0.003036132130437707,9999.99260294275,-1,,tp/sl
2022-01-02 07:16:00+00:00,-3.613252027328677e-05,9999.99256681023,-1,y,
2022-01-02 07:17:00+00:00,-0.0030361736276307144,9999.989530636602,-1,,tp/sl
2022-01-02 07:17:00+00:00,-3.6173735635752794e-05,9999.989494462867,-1,y,
2022-01-02 07:18:00+00:00,0.0039638670059971085,9999.993458329873,-1,,tp/sl
2022-01-02 07:18:00+00:00,-3.6126720449207975e-05,9999.993422203152,-1,y,
2022-01-02 07:19:00+00:00,-0.003036147814537826,9999.990386055337,-1,,tp/sl
2022-01-02 07:19:00+00:00,-3.6147665934671405e-05,9999.99034990767,-1,y,
2022-01-02 07:20:00+00:00,-0.003036188032202288,9999.987313719637,-1,,tp/sl
2022-01-02 07:20:00+00:00,-3.618880526927604e-05,9999.987277530832,-1,y,
2022-01-02 07:21:00+00:00,-3.617558166136423e-05,9999.987241355251,-1,y,
2022-01-02 07:22:00+00:00,-3.6182717750555855e-05,9999.987205172534,1,y,
2022-01-02 07:23:00+00:00,0.003963872378269524,9999.991169044912,-1,,tp/sl
2022-01-02 07:23:00+00:00,0.003963872363924725,9999.995132917276,-1,,tp/sl
2022-01-02 07:23:00+00:00,-0.003036118719363508,9999.992096798556,1,,tp/sl
2022-01-02 07:23:00+00:00,-3.612466449439307e-05,9999.992060673892,1,y,
2022-01-02 07:25:00+00:00,-0.003036097174224938,9999.989024576718,1,,tp/sl
2022-01-03 07:00:00+00:00,-3.6520064470127177e-05,9999.988988056653,-1,y,
2022-01-03 07:01:00+00:00,-0.0030365463298911263,9999.985951510324,-1,,tp/sl
2022-01-03 07:02:00+00:00,-3.658026006971563e-05,9999.985914930063,1,y,
2022-01-03 07:03:00+00:00,0.003963325731111669,9999.989878255794,1,,tp/sl
2022-01-03 07:18:00+00:00,-3.677020597417313e-05,9999.989841485587,1,y,
2022-01-03 07:19:00+00:00,-0.003036717852579768,9999.986804767734,1,,tp/sl
2022-01-03 07:19:00+00:00,-3.6722977814125715e-05,9999.986768044755,1,y,
2022-01-03 07:20:00+00:00,-3.671377940151765e-05,9999.986731330975,1,y,
2022-01-03 07:21:00+00:00,-3.671864066901967e-05,9999.986694612335,1,y,
2022-01-03 07:22:00+00:00,-3.6741524408814034e-05,9999.98665787081,1,y,
2022-01-03 07:23:00+00:00,0.003963228538066232,9999.990621099349,1,,tp/sl
2022-01-03 07:23:00+00:00,0.0039632285235120576,9999.994584327873,1,,tp/sl
2022-01-03 07:23:00+00:00,0.003963228508961528,9999.998547556383,1,,tp/sl
2022-01-03 07:23:00+00:00,-3.676832701436593e-05,9999.998510788055,1,y,
2022-01-03 07:24:00+00:00,0.0039632201429486025,10000.002474008197,1,,tp/sl
2022-01-03 07:24:00+00:00,-3.677669292492278e-05,10000.002437231504,1,y,
2022-01-03 07:25:00+00:00,-3.6793914612684726e-05,10000.00240043759,1,y,
2022-01-03 07:28:00+00:00,-0.0030367669187844263,9999.999363670671,1,,tp/sl
2022-01-03 07:28:00+00:00,-3.6768276314533114e-05,9999.999326902394,1,y,
2022-01-03 07:29:00+00:00,-3.67688347702369e-05,9999.999290133559,1,y,
2022-01-03 07:30:00+00:00,-3.676781461496541e-05,9999.999253365744,1,y,
2022-01-03 07:31:00+00:00,-0.0030367098584159575,9999.996216655885,1,,tp/sl
2022-01-03 07:31:00+00:00,-0.003036711050765624,9999.993179944835,1,,tp/sl
2022-01-03 07:31:00+00:00,-0.0030367101062462242,9999.990143234729,1,,tp/sl
2022-01-03 07:31:00+00:00,-0.0030367100950807638,9999.987106524633,1,,tp/sl
2022-01-03 07:31:00+00:00,-0.0030367100839151337,9999.984069814549,1,,tp/sl
2022-01-03 07:31:00+00:00,-3.671234099747361e-05,9999.984033102208,1,y,
2022-01-03 07:35:00+00:00,-0.0030366799360180955,9999.980996422271,1,,tp/sl
2022-01-03 07:36:00+00:00,-3.6696928054029204e-05,9999.980959725342,-1,y,
2022-01-03 07:37:00+00:00,0.003963325034195462,9999.984923050377,-1,,tp/sl
2022-01-03 07:37:00+00:00,-3.6665278774551e-05,9999.984886385098,-1,y,
2022-01-03 07:38:00+00:00,0.0039633743161946195,9999.988849759415,-1,,tp/sl
2022-01-03 07:42:00+00:00,-3.670220158718591e-05,9999.988813057213,-1,y,
2022-01-03 07:43:00+00:00,0.003963334326284847,9999.992776391538,-1,,tp/sl
2022-01-03 07:43:00+00:00,-3.665912801596223e-05,9999.99273973241,-1,y,
2022-01-03 07:44:00+00:00,-3.6652313420323895e-05,9999.992703080097,-1,y,
2022-01-03 07:45:00+00:00,-3.665983948468442e-05,9999.992666420258,-1,y,
2022-01-03 07:47:00+00:00,-0.003036680804928671,9999.989629739453,-1,,tp/sl
2022-01-03 07:47:00+00:00,-0.003036680793796456,9999.98659305866,-1,,tp/sl
2022-01-03 07:47:00+00:00,-0.0030366807826663106,9999.983556377878,-1,,tp/sl
2022-01-04 07:00:00+00:00,-3.623880308075377e-05,9999.983520139074,-1,y,
2022-01-04 07:01:00+00:00,-3.6235765026407845e-05,9999.98348390331,-1,y,
2022-01-04 07:02:00+00:00,-3.623349290936678e-05,9999.983447669818,-1,y,
2022-01-04 07:03:00+00:00,-3.62280433807753e-05,9999.983411441775,-1,y,
2022-01-04 07:04:00+00:00,-3.6235361008312424e-05,9999.983375206415,-1,y,
2022-01-04 07:05:00+00:00,-0.0030362543596149975,9999.980338952055,-1,,tp/sl
2022-01-04 07:05:00+00:00,-0.00303625434861288,9999.977302697705,-1,,tp/sl
2022-01-04 07:05:00+00:00,-0.0030362543376114518,9999.974266443367,-1,,tp/sl
2022-01-04 07:05:00+00:00,-0.003036254326611678,9999.971230189041,-1,,tp/sl
2022-01-04 07:05:00+00:00,-3.6257159016740465e-05,9999.971193931882,-1,y,
2022-01-04 07:06:00+00:00,0.003963764902166203,9999.975157696785,-1,,tp/sl
2022-01-04 07:06:00+00:00,-3.622150414151457e-05,9999.975121475281,-1,y,
2022-01-04 07:07:00+00:00,0.003963800222291553,9999.979085275503,-1,,tp/sl
2022-01-04 07:07:00+00:00,0.00396379689321668,9999.983049072396,-1,,tp/sl
2022-01-04 07:07:00+00:00,-3.6191098427054335e-05,9999.983012881297,-1,y,
2022-01-04 07:08:00+00:00,0.003963850613380673,9999.98697673191,-1,,tp/sl
2022-01-04 07:08:00+00:00,-3.61405204466298e-05,9999.98694059139,-1,y,
2022-01-04 07:09:00+00:00,-0.0030361637732450727,9999.983904427618,-1,,tp/sl
2022-01-04 07:09:00+00:00,-3.6165569117052953e-05,9999.983868262048,-1,y,
2022-01-04 07:10:00+00:00,-3.61728125995372e-05,9999.983832089236,-1,y,
2022-01-04 07:11:00+00:00,-0.003036184709417587,9999.980795904527,-1,,tp/sl
2022-01-04 07:11:00+00:00,-3.618742684371482e-05,9999.9807597171,-1,y,
2022-01-04 07:12:00+00:00,0.003963844154158386,9999.984723561254,-1,,tp/sl
2022-01-04 07:12:00+00:00,-3.6146078404417855e-05,9999.984687415175,-1,y,
2022-01-04 07:13:00+00:00,-0.003036194990753997,9999.981651220185,-1,,tp/sl
2022-01-04 07:13:00+00:00,-0.003036195250439932,9999.978615024935,-1,,tp/sl
2022-01-04 07:14:00+00:00,-3.6180083326308035e-05,9999.978578844852,-1,y,
2022-01-04 07:15:00+00:00,-3.618495236567098e-05,9999.9785426599,-1,y,
2022-01-04 07:16:00+00:00,-0.0030362053795845406,9999.975506454519,-1,,tp/sl
2022-01-04 07:16:00+00:00,-0.0030362053685995005,9999.97247024915,-1,,tp/sl
2022-01-04 07:16:00+00:00,-3.620967283145767e-05,9999.972434039477,-1,y,
2022-01-04 07:17:00+00:00,-3.618109175609669e-05,9999.972397858384,-1,y,
2022-01-04 07:18:00+00:00,0.003963821606970237,9999.976361679992,-1,,tp/sl
2022-01-04 07:18:00+00:00,-3.616529520871182e-05,9999.976325514697,-1,y,
2022-01-04 07:19:00+00:00,-3.6170479590563444e-05,9999.976289344218,-1,y,
2022-01-04 07:20:00+00:00,-0.0030362470800120445,9999.973253097138,-1,,tp/sl
2022-01-04 07:20:00+00:00,-0.0030362482725440365,9999.970216848866,-1,,tp/sl
2022-01-04 07:20:00+00:00,-0.0030362482615633292,9999.967180600604,-1,,tp/sl
2022-01-04 07:20:00+00:00,-3.62532307605148e-05,9999.967144347374,-1,y,
2022-01-04 07:22:00+00:00,-0.0030363008523937004,9999.964108046523,-1,,tp/sl
2022-01-05 07:00:00+00:00,-3.678263686913208e-05,9999.964071263887,-1,y,
2022-01-05 07:01:00+00:00,0.003963257990601435,9999.968034521877,-1,,tp/sl
2022-01-05 07:01:00+00:00,-3.672556704496174e-05,9999.96799779631,-1,y,
2022-01-05 07:02:00+00:00,-3.671436946121438e-05,9999.96796108194,-1,y,
2022-01-05 07:03:00+00:00,-0.003036736538451047,9999.964924345402,-1,,tp/sl
2022-01-05 07:06:00+00:00,-3.6710052022503234e-05,9999.96488763535,-1,y,
2022-01-05 07:07:00+00:00,-0.003036752959222293,9999.96185088239,-1,,tp/sl
2022-01-05 07:07:00+00:00,-0.003036752014735513,9999.958814130376,-1,,tp/sl
2022-01-05 07:07:00+00:00,-3.676041497776163e-05,9999.95877736996,-1,y,
2022-01-05 07:08:00+00:00,-3.675364715747262e-05,9999.958740616314,-1,y,
2022-01-05 07:09:00+00:00,-3.674860152217625e-05,9999.958703867713,-1,y,
2022-01-05 07:10:00+00:00,-0.0030367634797543895,9999.955667104234,-1,,tp/sl
2022-01-05 07:10:00+00:00,-0.0030367634685931305,9999.952630340766,-1,,tp/sl
2022-01-05 07:10:00+00:00,-3.6773723947035825e-05,9999.95259356704,-1,y,
2022-01-05 07:11:00+00:00,0.003963244229555876,9999.95655681127,-1,,tp/sl
2022-01-05 07:11:00+00:00,-3.6734737014226576e-05,9999.956520076534,-1,y,
2022-01-05 07:12:00+00:00,0.00396325317142256,9999.960483329705,-1,,tp/sl
2022-01-05 07:12:00+00:00,-3.672826036894167e-05,9999.960446601444,-1,y,
2022-01-05 07:13:00+00:00,-3.6714871519772055e-05,9999.960409886573,-1,y,
2022-01-05 07:14:00+00:00,-3.6710791274846975e-05,9999.960373175782,-1,y,
2022-01-05 07:15:00+00:00,-0.003036725951802955,9999.95733644983,-1,,tp/sl
2022-01-05 07:15:00+00:00,-0.0030367259406536115,9999.95429972389,-1,,tp/sl
2022-01-05 07:15:00+00:00,-3.673569524974312e-05,9999.954262988194,-1,y,
2022-01-05 07:16:00+00:00,-0.0030367422535141457,9999.951226245941,-1,,tp/sl
2022-01-05 07:16:00+00:00,-3.675197450175567e-05,9999.951189493966,-1,y,
2022-01-05 07:18:00+00:00,-3.6733984472805274e-05,9999.95115275998,-1,y,
2022-01-05 07:19:00+00:00,-0.0030367668997625416,9999.94811599308,-1,,tp/sl
2022-01-05 07:19:00+00:00,-0.003036766214334739,9999.945079226865,-1,,tp/sl
2022-01-05 07:19:00+00:00,-0.0030367652809870746,9999.942042461584,-1,,tp/sl
2022-01-05 07:19:00+00:00,-0.0030367652698263074,9999.939005696313,-1,,tp/sl
2022-01-05 07:22:00+00:00,-3.67519030937672e-05,9999.93896894441,-1,y,
2022-01-05 07:23:00+00:00,-3.675005045615318e-05,9999.93893219436,-1,y,
2022-01-05 07:24:00+00:00,0.0039632713645811005,9999.942895465725,-1,,tp/sl
2022-01-05 07:24:00+00:00,0.003963271350015235,9999.946858737076,-1,,tp/sl
2022-01-05 07:24:00+00:00,-3.6702166532748415e-05,9999.94682203491,-1,y,
2022-01-05 07:25:00+00:00,-0.0030367297723403854,9999.943785305137,-1,,tp/sl
2022-01-05 07:25:00+00:00,-3.6743603437462715e-05,9999.943748561533,-1,y,
2022-01-05 07:26:00+00:00,-3.672084706755989e-05,9999.943711840686,-1,y,
2022-01-05 07:27:00+00:00,-0.0030367362283089936,9999.940675104457,-1,,tp/sl
2022-01-05 07:31:00+00:00,-0.0030367644804176405,9999.937638339976,-1,,tp/sl
2022-01-06 07:00:00+00:00,-3.719063372622786e-05,9999.937601149342,1,y,
2022-01-06 07:01:00+00:00,-3.7185697960090714e-05,9999.937563963644,1,y,
2022-01-06 07:02:00+00:00,-3.71954952868308e-05,9999.937526768148,1,y,
2022-01-06 07:03:00+00:00,-0.0030371499427529584,9999.934489618205,1,,tp/sl
2022-01-06 07:03:00+00:00,-0.00303714992016361,9999.931452468285,1,,tp/sl
2022-01-06 07:03:00+00:00,-3.717072824437664e-05,9999.931415297557,1,y,
2022-01-06 07:04:00+00:00,-3.717086206413444e-05,9999.931378126694,1,y,
2022-01-06 07:05:00+00:00,-3.7180036705980316e-05,9999.931340946658,1,y,
2022-01-06 07:06:00+00:00,-0.0030371090996725502,9999.928303837558,1,,tp/sl
2022-01-06 07:06:00+00:00,-0.0030371072322393786,9999.925266730326,1,,tp/sl
2022-01-06 07:06:00+00:00,-0.003037107220950152,9999.922229623106,1,,tp/sl
2022-01-06 07:06:00+00:00,-0.0030371072096608857,9999.919192515896,1,,tp/sl
2022-01-06 07:06:00+00:00,-3.712985096310954e-05,9999.919155386046,1,y,
2022-01-06 07:07:00+00:00,-3.712422802084852e-05,9999.919118261818,1,y,
2022-01-06 07:08:00+00:00,-3.711522890157022e-05,9999.919081146589,1,y,
2022-01-06 07:09:00+00:00,0.00396282398197372,9999.923043970572,1,,tp/sl
2022-01-06 07:10:00+00:00,-0.0030370646546761517,9999.920006905917,1,,tp/sl
2022-01-06 07:10:00+00:00,-0.0030370646433994855,9999.916969841273,1,,tp/sl
2022-01-06 07:11:00+00:00,-3.707547071490142e-05,9999.916932765802,-1,y,
2022-01-06 07:12:00+00:00,-3.7061183497220765e-05,9999.916895704619,-1,y,
2022-01-06 07:13:00+00:00,-0.0030370668409501764,9999.913858637778,-1,,tp/sl
2022-01-06 07:15:00+00:00,-0.003037118892759111,9999.910821518884,-1,,tp/sl
2022-01-06 07:15:00+00:00,-3.714167898805966e-05,9999.910784377205,-1,y,
2022-01-06 07:16:00+00:00,-0.0030371367083242393,9999.907747240497,-1,,tp/sl
2022-01-06 07:16:00+00:00,-3.716135046276241e-05,9999.907710079147,-1,y,
2022-01-06 07:17:00+00:00,-3.7149156084230216e-05,9999.90767292999,-1,y,
2022-01-06 07:18:00+00:00,-3.715627952634907e-05,9999.90763577371,-1,y,
2022-01-06 07:19:00+00:00,-3.714995554151413e-05,9999.907598623755,1,y,
2022-01-06 07:20:00+00:00,-0.0030371457174198737,9999.904561478037,-1,,tp/sl
2022-01-06 07:20:00+00:00,-3.7175492671557084e-05,9999.904524302545,1,y,
2022-01-06 07:21:00+00:00,-0.0030371051643920434,9999.90148719738,1,,tp/sl
2022-01-06 07:21:00+00:00,-3.713588451186438e-05,9999.901450061496,1,y,
2022-01-06 07:22:00+00:00,0.003962853752631533,9999.905412915248,-1,,tp/sl
2022-01-06 07:22:00+00:00,0.003962853723183095,9999.909375768972,-1,,tp/sl
2022-01-06 07:22:00+00:00,-0.0030370816365831296,9999.906338687335,1,,tp/sl
2022-01-06 07:22:00+00:00,-0.0030370797691930546,9999.903301607566,1,,tp/sl
2022-01-06 07:22:00+00:00,-3.711142974675404e-05,9999.903264496137,1,y,
2022-01-06 07:23:00+00:00,-3.7124960353123636e-05,9999.903227371176,1,y,
2022-01-06 07:24:00+00:00,0.0039628020394090295,9999.907190173215,1,,tp/sl
2022-01-06 07:24:00+00:00,0.003962802024702363,9999.911152975239,1,,tp/sl
2022-01-07 07:00:00+00:00,-3.707904041874793e-05,9999.911115896199,1,y,
2022-01-07 07:01:00+00:00,-3.709175233066035e-05,9999.911078804447,1,y,
2022-01-07 07:02:00+00:00,0.003962843613202089,9999.91504164806,1,,tp/sl
2022-01-07 07:02:00+00:00,0.003962843598508114,9999.91900449166,1,,tp/sl
2022-01-07 07:02:00+00:00,-3.712297711675162e-05,9999.918967368683,1,y,
2022-01-07 07:03:00+00:00,-0.0030370768322160978,9999.91593029185,1,,tp/sl
2022-01-07 07:03:00+00:00,-3.7103219445223915e-05,9999.91589318863,1,y,
2022-01-07 07:04:00+00:00,-3.7130478811605055e-05,9999.91585605815,1,y,
2022-01-07 07:05:00+00:00,0.003962811110520888,9999.91981886926,1,,tp/sl
2022-01-07 07:06:00+00:00,0.0039627660992330935,9999.92378163536,1,,tp/sl
2022-01-07 07:10:00+00:00,-3.7071558598067526e-05,9999.923744563801,1,y,
2022-01-07 07:11:00+00:00,-3.7086152054446925e-05,9999.923707477648,1,y,
2022-01-07 07:12:00+00:00,0.003962854005639614,9999.927670331654,1,,tp/sl
2022-01-07 07:12:00+00:00,0.003962853990948584,9999.931633185644,1,,tp/sl
2022-01-07 07:12:00+00:00,-3.711763614182255e-05,9999.931596068009,1,y,
2022-01-07 07:13:00+00:00,-3.710052596806489e-05,9999.931558967482,1,y,
2022-01-07 07:14:00+00:00,-0.0030370651507750034,9999.928521902331,1,,tp/sl
2022-01-07 07:14:00+00:00,-3.7087749265820685e-05,9999.928484814582,1,y,
2022-01-07 07:15:00+00:00,-0.0030370332851158647,9999.925447781297,1,,tp/sl
2022-01-07 07:15:00+00:00,-0.0030370323514751297,9999.922410748946,1,,tp/sl
2022-01-07 07:15:00+00:00,-3.7055872243832e-05,9999.922373693074,1,y,
2022-01-07 07:16:00+00:00,-3.704041510086345e-05,9999.922336652658,1,y,
2022-01-07 07:17:00+00:00,-0.0030370004462283925,9999.919299652212,1,,tp/sl
2022-01-07 07:18:00+00:00,-0.003036980215436746,9999.916262671997,1,,tp/sl
2022-01-07 07:19:00+00:00,-3.697954984743413e-05,9999.916225692446,-1,y,
2022-01-07 07:22:00+00:00,-0.003036995602555951,9999.913188696844,-1,,tp/sl
2022-01-07 07:23:00+00:00,-3.700693982112257e-05,9999.913151689905,-1,y,
2022-01-07 07:25:00+00:00,-3.700004975312548e-05,9999.913114689856,-1,y,
2022-01-07 07:26:00+00:00,-3.69826006827944e-05,9999.913077707255,-1,y,
2022-01-07 07:27:00+00:00,0.003963030968684249,9999.917040738224,-1,,tp/sl
2022-01-07 07:27:00+00:00,0.003963030954018158,9999.92100376918,-1,,tp/sl
2022-01-07 07:27:00+00:00,0.003963030939354797,9999.92496680012,-1,,tp/sl
2022-01-07 07:32:00+00:00,-3.683472020268386e-05,9999.924929965398,-1,y,
2022-01-07 07:34:00+00:00,0.00396318958580362,9999.928893154984,-1,,tp/sl
2022-01-07 07:41:00+00:00,-3.682159842870994e-05,9999.928856333385,-1,y,
2022-01-07 07:42:00+00:00,-3.682628006955192e-05,9999.928819507104,-1,y,
2022-01-07 07:43:00+00:00,-3.68019061715021e-05,9999.928782705198,-1,y,
2022-01-07 07:45:00+00:00,-0.0030368102159292,9999.925745894981,-1,,tp/sl
2022-01-07 07:46:00+00:00,0.003963180248602938,9999.92970907523,-1,,tp/sl
2022-01-07 07:46:00+00:00,0.003963180234009771,9999.933672255464,-1,,tp/sl
2022-01-08 07:00:00+00:00,-3.494413732843285e-05,9999.933637311326,1,y,
2022-01-08 07:01:00+00:00,-3.492623316471295e-05,9999.933602385092,1,y,
2022-01-08 07:02:00+00:00,-0.0030348964721856066,9999.93056748862,1,,tp/sl
2022-01-08 07:04:00+00:00,0.003965018182810263,9999.934532506802,1,,tp/sl
2022-01-08 07:05:00+00:00,-3.4962577440377e-05,9999.934497544225,1,y,
2022-01-08 07:06:00+00:00,0.003964982759979357,9999.938462526985,1,,tp/sl
2022-01-08 07:06:00+00:00,-3.499316676190038e-05,9999.938427533818,1,y,
2022-01-08 07:07:00+00:00,0.003964948781946944,9999.9423924826,1,,tp/sl
2022-01-08 07:07:00+00:00,-3.5028716816957595e-05,9999.942357453883,1,y,
2022-01-08 07:08:00+00:00,-3.5051600075784846e-05,9999.942322402283,1,y,
2022-01-08 07:09:00+00:00,-3.503628828057633e-05,9999.942287365995,1,y,
2022-01-08 07:10:00+00:00,-3.505014878556818e-05,9999.942252315846,1,y,
2022-01-08 07:11:00+00:00,0.003964914908224282,9999.946217230754,1,,tp/sl
2022-01-08 07:11:00+00:00,-3.5064162167891124e-05,9999.946182166592,1,y,
2022-01-08 07:12:00+00:00,-0.0030350230566348188,9999.943147143535,1,,tp/sl
2022-01-08 07:12:00+00:00,-3.504128069625834e-05,9999.943112102254,1,y,
2022-01-08 07:13:00+00:00,-0.003034977919304874,9999.940077124334,1,,tp/sl
2022-01-08 07:13:00+00:00,-0.003034977908666729,9999.937042146426,1,,tp/sl
2022-01-08 07:13:00+00:00,-0.0030349778980332314,9999.93400716853,1,,tp/sl
2022-01-08 07:13:00+00:00,-0.0030349781589753206,9999.93097219037,1,,tp/sl
2022-01-08 07:14:00+00:00,-3.494068810114143e-05,9999.930937249683,1,y,
2022-01-08 07:15:00+00:00,-3.494264055536468e-05,9999.930902307042,1,y,
2022-01-08 07:16:00+00:00,-3.495097236149364e-05,9999.93086735607,1,y,
2022-01-08 07:17:00+00:00,-0.0030348951383445287,9999.927832460931,1,,tp/sl
2022-01-08 07:17:00+00:00,-0.0030348951277403237,9999.924797565804,1,,tp/sl
2022-01-08 07:17:00+00:00,-0.0030348951171355254,9999.921762670687,1,,tp/sl
2022-01-08 07:17:00+00:00,-3.4917914514948366e-05,9999.921727752771,1,y,
2022-01-08 07:18:00+00:00,-3.494294511131842e-05,9999.921692809827,-1,y,
2022-01-08 07:19:00+00:00,0.003965019404175988,9999.925657829232,1,,tp/sl
2022-01-08 07:19:00+00:00,-3.4947214521127325e-05,9999.925622882018,-1,y,
2022-01-08 07:20:00+00:00,-0.0030349635694093854,9999.922587918449,-1,,tp/sl
2022-01-08 07:20:00+00:00,-0.0030349647621826094,9999.919552953686,-1,,tp/sl
2022-01-08 07:20:00+00:00,-3.4984943491413905e-05,9999.919517968743,-1,y,
2022-01-08 07:21:00+00:00,-3.499531606995627e-05,9999.919482973428,-1,y,
2022-01-08 07:22:00+00:00,-3.4969673508635375e-05,9999.919448003755,1,y,
2022-01-08 07:24:00+00:00,0.00396496863971035,9999.923412972395,1,,tp/sl
2022-01-08 07:26:00+00:00,0.003965024333859611,9999.92737799673,-1,,tp/sl
2022-01-08 07:26:00+00:00,0.003965024319987151,9999.93134302105,-1,,tp/sl
2022-01-08 07:28:00+00:00,-3.491626292625769e-05,9999.931308104786,-1,y,
2022-01-08 07:29:00+00:00,-0.00303492909151085,9999.928273175694,-1,,tp/sl
2022-01-09 07:00:00+00:00,-3.444915063647097e-05,9999.928238726543,-1,y,
2022-01-09 07:01:00+00:00,-0.003034481659358914,9999.925204244884,-1,,tp/sl
2022-01-09 07:01:00+00:00,-3.450106683305072e-05,9999.925169743818,-1,y,
2022-01-09 07:02:00+00:00,-3.449838535368503e-05,9999.925135245432,-1,y,
2022-01-09 07:04:00+00:00,-3.45040097232205e-05,9999.925100741422,1,y,
2022-01-09 07:05:00+00:00,-0.0030345221084468045,9999.922066219315,-1,,tp/sl
2022-01-09 07:05:00+00:00,-0.003034522097977301,9999.919031697216,-1,,tp/sl
2022-01-09 07:05:00+00:00,0.003965425507163007,9999.922997122723,1,,tp/sl
2022-01-09 07:05:00+00:00,-3.454663953270802e-05,9999.922962576084,1,y,
2022-01-09 07:06:00+00:00,-3.4546708925788886e-05,9999.922928029375,1,y,
2022-01-09 07:07:00+00:00,-3.452879786070942e-05,9999.922893500578,1,y,
2022-01-09 07:09:00+00:00,-0.0030344972840213764,9999.919859003294,1,,tp/sl
2022-01-09 07:09:00+00:00,-0.0030344972735381276,9999.916824506021,1,,tp/sl
2022-01-09 07:13:00+00:00,0.003965412210906384,9999.920789918231,1,,tp/sl
2022-01-09 07:15:00+00:00,-3.452244669224901e-05,9999.920755395784,1,y,
2022-01-09 07:16:00+00:00,-3.45096690812317e-05,9999.920720886115,1,y,
2022-01-09 07:17:00+00:00,0.003965381640408581,9999.924686267756,1,,tp/sl
2022-01-09 07:17:00+00:00,0.003965381626719005,9999.928651649383,1,,tp/sl
2022-01-09 07:17:00+00:00,-3.458880273487326e-05,9999.928617060581,1,y,
2022-01-09 07:18:00+00:00,-3.4593114464262754e-05,9999.928582467466,1,y,
2022-01-09 07:19:00+00:00,-3.4576614436305785e-05,9999.928547890851,1,y,
2022-01-09 07:20:00+00:00,-0.0030345150079048523,9999.925513375843,1,,tp/sl
2022-01-09 07:20:00+00:00,-0.003034514997408754,9999.922478860846,1,,tp/sl
2022-01-09 07:20:00+00:00,-0.003034514986911346,9999.91944434586,1,,tp/sl
2022-01-09 07:20:00+00:00,-3.4538480594170844e-05,9999.919409807379,1,y,
2022-01-09 07:21:00+00:00,0.003965395311083361,9999.92337520269,1,,tp/sl
2022-01-09 07:21:00+00:00,-3.4574580228757495e-05,9999.923340628111,1,y,
2022-01-09 07:22:00+00:00,-3.456490026519336e-05,9999.92330606321,1,y,
2022-01-09 07:23:00+00:00,-0.0030345179388115585,9999.920271545272,1,,tp/sl
2022-01-09 07:23:00+00:00,-0.0030345179283197596,9999.917237027345,1,,tp/sl
2022-01-09 07:23:00+00:00,-3.4543005031382555e-05,9999.91720248434,1,y,
2022-01-09 07:24:00+00:00,-3.4552299025587966e-05,9999.91716793204,1,y,
2022-01-09 07:25:00+00:00,-3.457026190605171e-05,9999.91713336178,1,y,
2022-01-09 07:26:00+00:00,0.003965381196531763,9999.921098742976,1,,tp/sl
2022-01-09 07:26:00+00:00,0.0039653811828340305,9999.92506412416,1,,tp/sl
2022-01-09 07:26:00+00:00,-3.458782533403851e-05,9999.925029536334,1,y,
2022-01-09 07:27:00+00:00,-3.458837168488714e-05,9999.924994947964,1,y,
2022-01-09 07:30:00+00:00,0.003965360484191018,9999.928960308447,1,,tp/sl
2022-01-09 07:31:00+00:00,0.00396535185034124,9999.932925660298,1,,tp/sl
2022-01-09 07:31:00+00:00,0.003965351836625848,9999.936891012134,1,,tp/sl
2022-01-10 07:00:00+00:00,-3.3176341603014093e-05,9999.936857835792,1,y,
2022-01-10 07:01:00+00:00,-3.318646176376952e-05,9999.93682464933,1,y,
2022-01-10 07:02:00+00:00,-0.0030331463141529268,9999.933791503016,1,,tp/sl
2022-01-10 07:02:00+00:00,-3.31673466186499e-05,9999.933758335668,1,y,
2022-01-10 07:03:00+00:00,0.003966777345675575,9999.937725113014,1,,tp/sl
2022-01-10 07:03:00+00:00,-3.3198283970533485e-05,9999.937691914729,1,y,
2022-01-10 07:04:00+00:00,0.003966764020280552,9999.941658678748,1,,tp/sl
2022-01-10 07:04:00+00:00,-3.3212851945737e-05,9999.941625465897,1,y,
2022-01-10 07:05:00+00:00,-3.3196969680992815e-05,9999.941592268928,1,y,
2022-01-10 07:06:00+00:00,0.0039667403103699535,9999.945559009238,1,,tp/sl
2022-01-10 07:06:00+00:00,0.003966741857548289,9999.949525751095,1,,tp/sl
2022-01-10 07:06:00+00:00,-3.323691888387234e-05,9999.949492514177,1,y,
2022-01-10 07:07:00+00:00,0.003966716883358897,9999.953459231061,1,,tp/sl
2022-01-10 07:07:00+00:00,-3.326191935125006e-05,9999.95342596914,1,y,
2022-01-10 07:08:00+00:00,-0.003033223835248701,9999.950392745306,1,,tp/sl
2022-01-10 07:08:00+00:00,-3.323988727659432e-05,9999.95035950542,1,y,
2022-01-10 07:09:00+00:00,-3.32358444983537e-05,9999.950326269574,1,y,
2022-01-10 07:10:00+00:00,-3.3249590494331986e-05,9999.950293019983,1,y,
2022-01-10 07:11:00+00:00,-3.3239903123867626e-05,9999.95025978008,1,y,
2022-01-10 07:12:00+00:00,-3.3231012441418685e-05,9999.950226549068,1,y,
2022-01-10 07:13:00+00:00,-3.323198861152558e-05,9999.95019331708,1,y,
2022-01-10 07:14:00+00:00,-0.0030331864230014596,9999.947160130656,1,,tp/sl
2022-01-10 07:14:00+00:00,-0.003033186685978294,9999.94412694397,1,,tp/sl
2022-01-10 07:14:00+00:00,-0.0030331866758959657,9999.941093757294,1,,tp/sl
2022-01-10 07:14:00+00:00,-0.0030331866658148635,9999.938060570628,1,,tp/sl
2022-01-10 07:14:00+00:00,-0.0030331866557295915,9999.935027383972,1,,tp/sl
2022-01-10 07:14:00+00:00,-0.003033186645647259,9999.931994197326,1,,tp/sl
2022-01-10 07:14:00+00:00,-0.0030331866355676226,9999.92896101069,1,,tp/sl
2022-01-10 07:14:00+00:00,-3.320359698271112e-05,9999.928927807094,1,y,
2022-01-10 07:15:00+00:00,-0.003033120933313555,9999.925894686161,1,,tp/sl
2022-01-10 07:15:00+00:00,-3.314433483222624e-05,9999.925861541826,1,y,
2022-01-10 07:17:00+00:00,-0.003033073642808809,9999.922828468183,1,,tp/sl
2022-01-10 07:17:00+00:00,-3.3093764271175484e-05,9999.92279537442,-1,y,
2022-01-10 07:18:00+00:00,-3.306748222342157e-05,9999.922762306936,-1,y,
2022-01-10 07:19:00+00:00,0.0039669463842645575,9999.92672925332,-1,,tp/sl
2022-01-10 07:19:00+00:00,0.0039669463711363385,9999.930696199692,-1,,tp/sl
2022-01-10 07:38:00+00:00,-3.290620469697253e-05,9999.930663293488,-1,y,
2022-01-10 07:39:00+00:00,-3.2906130720094146e-05,9999.930630387356,-1,y,
2022-01-10 07:40:00+00:00,0.003967098570967962,9999.934597485928,-1,,tp/sl
2022-01-10 07:40:00+00:00,0.003967098557913656,9999.938564584485,-1,,tp/sl
2022-01-11 07:00:00+00:00,-3.463043864351947e-05,9999.938529954046,1,y,
2022-01-11 07:01:00+00:00,-3.461760398297597e-05,9999.938495336442,-1,y,
2022-01-11 07:02:00+00:00,0.003965315198055728,9999.94246065164,1,,tp/sl
2022-01-11 07:02:00+00:00,-0.0030346417866440644,9999.939426009854,-1,,tp/sl
2022-01-11 07:02:00+00:00,-3.465813077634012e-05,9999.939391351723,-1,y,
2022-01-11 07:03:00+00:00,-3.4637938071673665e-05,9999.939356713785,-1,y,
2022-01-11 07:04:00+00:00,0.0039653522537392225,9999.94332206604,-1,,tp/sl
2022-01-11 07:04:00+00:00,-3.462143016603586e-05,9999.943287444608,-1,y,
2022-01-11 07:05:00+00:00,0.003965369323485314,9999.947252813932,-1,,tp/sl
2022-01-11 07:05:00+00:00,-3.4604360272148814e-05,9999.947218209572,-1,y,
2022-01-11 07:06:00+00:00,0.003965385600088297,9999.951183595173,-1,,tp/sl
2022-01-11 07:06:00+00:00,-3.4589655942726896e-05,9999.951149005517,-1,y,
2022-01-11 07:07:00+00:00,-3.458934513947774e-05,9999.951114416172,-1,y,
2022-01-11 07:08:00+00:00,0.003965422874357118,9999.955079839046,-1,,tp/sl
2022-01-11 07:08:00+00:00,0.003965424433086325,9999.95904526348,-1,,tp/sl
2022-01-11 07:08:00+00:00,0.003965424419369992,9999.9630106879,-1,,tp/sl
2022-01-11 07:08:00+00:00,-3.4553981229275755e-05,9999.962976133918,-1,y,
2022-01-11 07:09:00+00:00,-0.0030345749744185545,9999.959941558944,-1,,tp/sl
2022-01-11 07:09:00+00:00,-3.4583960605646376e-05,9999.959906974984,-1,y,
2022-01-11 07:10:00+00:00,-3.4579953685703036e-05,9999.95987239503,-1,y,
2022-01-11 07:11:00+00:00,-0.0030346386911761533,9999.956837756337,-1,,tp/sl
2022-01-11 07:11:00+00:00,-0.0030346386806811287,9999.953803117656,-1,,tp/sl
2022-01-11 07:11:00+00:00,-3.46485874479522e-05,9999.95376846907,-1,y,
2022-01-11 07:12:00+00:00,0.00396536335057543,9999.95773383242,-1,,tp/sl
2022-01-11 07:12:00+00:00,-3.461608428780148e-05,9999.957699216335,-1,y,
2022-01-11 07:13:00+00:00,-0.003034649563065739,9999.954664566772,-1,,tp/sl
2022-01-11 07:13:00+00:00,-3.466013228672513e-05,9999.95462990664,-1,y,
2022-01-11 07:14:00+00:00,-0.0030346872348372893,9999.951595219405,-1,,tp/sl
2022-01-11 07:14:00+00:00,-3.469872482648261e-05,9999.95156052068,-1,y,
2022-01-11 07:15:00+00:00,-3.4691497947825846e-05,9999.951525829181,1,y,
2022-01-11 07:16:00+00:00,-3.468053602796291e-05,9999.951491148646,1,y,
2022-01-11 07:17:00+00:00,0.003965327751726097,9999.955456476397,-1,,tp/sl
2022-01-11 07:17:00+00:00,-0.0030346383543974425,9999.952421838043,1,,tp/sl
2022-01-11 07:17:00+00:00,-0.0030346383438697756,9999.949387199698,1,,tp/sl
2022-01-11 07:17:00+00:00,-3.465497869938824e-05,9999.94935254472,1,y,
2022-01-11 07:18:00+00:00,-0.0030346124817016346,9999.946317932237,1,,tp/sl
2022-01-11 07:18:00+00:00,-3.462975490224131e-05,9999.946283302483,1,y,
2022-01-11 07:19:00+00:00,-3.462973799622704e-05,9999.946248672744,1,y,
2022-01-11 07:21:00+00:00,-0.003034567745915531,9999.943214104998,1,,tp/sl
2022-01-11 07:21:00+00:00,-0.0030345677354068406,9999.940179537263,1,,tp/sl
2022-01-12 07:08:00+00:00,-3.442856991086132e-05,9999.940145108694,1,y,
2022-01-12 07:09:00+00:00,0.003965493982459493,9999.944110602677,1,,tp/sl
2022-01-12 07:09:00+00:00,-3.4484202898707374e-05,9999.944076118474,1,y,
2022-01-12 07:10:00+00:00,-3.449246037592527e-05,9999.944041626013,1,y,
2022-01-12 07:11:00+00:00,-0.003034442450100783,9999.941007183563,1,,tp/sl
2022-01-12 07:11:00+00:00,-0.0030344424396366912,9999.937972741123,1,,tp/sl
2022-01-12 07:11:00+00:00,-3.4461295756245545e-05,9999.937938279827,1,y,
2022-01-12 07:12:00+00:00,-3.446452895196903e-05,9999.937903815298,1,y,
2022-01-12 07:13:00+00:00,0.003965484587582208,9999.941869299886,1,,tp/sl
2022-01-12 07:13:00+00:00,-3.4492714941397514e-05,9999.94183480717,1,y,
2022-01-12 07:14:00+00:00,-0.0030344017892416004,9999.938800405382,1,,tp/sl
2022-01-12 07:14:00+00:00,-0.0030344029820784336,9999.9357660024,1,,tp/sl
2022-01-12 07:14:00+00:00,-3.4422500267049286e-05,9999.935731579899,1,y,
2022-01-12 07:15:00+00:00,-3.442735475356532e-05,9999.935697152545,1,y,
2022-01-12 07:16:00+00:00,-3.4417099790036226e-05,9999.935662735445,1,y,
2022-01-12 07:17:00+00:00,-0.003034350552027988,9999.932628384893,1,,tp/sl
2022-01-12 07:17:00+00:00,-0.0030343505415829277,9999.92959403435,1,,tp/sl
2022-01-12 07:17:00+00:00,-0.0030343505311363943,9999.92655968382,1,,tp/sl
2022-01-12 07:17:00+00:00,-3.4371890569689066e-05,9999.926525311928,1,y,
2022-01-12 07:20:00+00:00,-3.436552818938831e-05,9999.9264909464,-1,y,
2022-01-12 07:21:00+00:00,-3.435595429184811e-05,9999.926456590445,-1,y,
2022-01-12 07:22:00+00:00,-0.0030343079609463537,9999.923422282483,1,,tp/sl
2022-01-12 07:22:00+00:00,0.003965640617201378,9999.9273879231,-1,,tp/sl
2022-01-12 07:22:00+00:00,-3.432789589982196e-05,9999.927353595205,-1,y,
2022-01-12 07:23:00+00:00,0.003965680535028328,9999.93131927574,-1,,tp/sl
2022-01-12 07:23:00+00:00,0.003965680890743247,9999.935284956631,-1,,tp/sl
2022-01-12 07:23:00+00:00,-3.428799151857393e-05,9999.93525066864,-1,y,
2022-01-12 07:32:00+00:00,-3.427931075651052e-05,9999.935216389329,-1,y,
2022-01-12 07:33:00+00:00,0.003965764246404737,9999.939182153576,-1,,tp/sl
2022-01-12 07:33:00+00:00,0.00396576423280684,9999.943147917807,-1,,tp/sl
2022-01-12 07:39:00+00:00,-3.4161339733081335e-05,9999.943113756468,-1,y,
2022-01-12 07:40:00+00:00,-0.0030341734439445008,9999.940079583024,-1,,tp/sl
2022-01-12 07:41:00+00:00,-3.4147156390141285e-05,9999.940045435867,-1,y,
2022-01-12 07:43:00+00:00,0.003965888027556148,9999.944011323894,-1,,tp/sl
2022-01-12 07:48:00+00:00,-3.411957396964777e-05,9999.94397720432,-1,y,
2022-01-12 07:49:00+00:00,-3.410785581262708e-05,9999.943943096465,-1,y,
2022-01-12 07:50:00+00:00,0.0039658954632968025,9999.947908991928,-1,,tp/sl
2022-01-12 07:50:00+00:00,-3.408005452767032e-05,9999.947874911873,-1,y,
2022-01-12 07:51:00+00:00,0.003965924109323337,9999.951840835984,-1,,tp/sl
2022-01-12 07:53:00+00:00,-0.003034094459785441,9999.948806741524,-1,,tp/sl
2022-01-13 07:00:00+00:00,-3.7672074582953137e-05,9999.94876906945,1,y,
2022-01-13 07:01:00+00:00,-0.003037624425443799,9999.945731445025,1,,tp/sl
2022-01-13 07:01:00+00:00,-3.76418718345368e-05,9999.945693803153,1,y,
2022-01-13 07:02:00+00:00,-0.0030375849883560145,9999.942656218163,1,,tp/sl
2022-01-13 07:02:00+00:00,-3.760335734715865e-05,9999.942618614807,1,y,
2022-01-13 07:05:00+00:00,0.003962341181932078,9999.946580955988,1,,tp/sl
2022-01-13 07:06:00+00:00,-3.769829798166199e-05,9999.94654325769,1,y,
2022-01-13 07:07:00+00:00,-0.003037656743691749,9999.943505600948,1,,tp/sl
2022-01-13 07:07:00+00:00,-3.767485780731266e-05,9999.94346792609,1,y,
2022-01-13 07:08:00+00:00,-3.7657428649654416e-05,9999.943430268662,1,y,
2022-01-13 07:09:00+00:00,0.003962273578155905,9999.94739254224,1,,tp/sl
2022-01-13 07:09:00+00:00,0.003962273563228012,9999.951354815805,1,,tp/sl
2022-01-13 07:09:00+00:00,-3.770595366896724e-05,9999.951317109852,1,y,
2022-01-13 07:10:00+00:00,-3.773429103835817e-05,9999.95127937556,1,y,
2022-01-13 07:11:00+00:00,0.00396222419194709,9999.955241599751,1,,tp/sl
2022-01-13 07:11:00+00:00,-3.775846464498194e-05,9999.955203841288,1,y,
2022-01-13 07:12:00+00:00,-3.774065166764979e-05,9999.955166100635,1,y,
2022-01-13 07:13:00+00:00,0.003962207983022643,9999.95912830862,1,,tp/sl
2022-01-13 07:13:00+00:00,0.003962209523033972,9999.963090518142,1,,tp/sl
2022-01-13 07:13:00+00:00,-3.777468828492122e-05,9999.963052743453,1,y,
2022-01-13 07:14:00+00:00,0.003962185259579425,9999.967014928712,1,,tp/sl
2022-01-13 07:14:00+00:00,-3.779898155320802e-05,9999.96697712973,1,y,
2022-01-13 07:15:00+00:00,-3.780471297897643e-05,9999.966939325017,1,y,
2022-01-13 07:18:00+00:00,0.003962147230409447,9999.970901472247,1,,tp/sl
2022-01-13 07:18:00+00:00,0.003962148785324432,9999.974863621032,1,,tp/sl
2022-01-13 07:18:00+00:00,0.003962148770347864,9999.978825769802,1,,tp/sl
2022-01-13 07:21:00+00:00,-3.7763913226681854e-05,9999.978788005888,1,y,
2022-01-13 07:22:00+00:00,-3.775150444191017e-05,9999.978750254384,1,y,
2022-01-13 07:23:00+00:00,-3.7751029061950225e-05,9999.978712503354,1,y,
2022-01-13 07:24:00+00:00,-3.7779988045458105e-05,9999.978674723367,1,y,
2022-01-13 07:25:00+00:00,0.003962199679292396,9999.982636923045,1,,tp/sl
2022-01-13 07:25:00+00:00,0.003962199664334464,9999.986599122709,1,,tp/sl
2022-01-13 07:25:00+00:00,-3.7793965426852024e-05,9999.986561328744,1,y,
2022-01-13 07:26:00+00:00,0.003962197854774474,9999.990523526598,1,,tp/sl
2022-01-13 07:26:00+00:00,-3.7795819741672904e-05,9999.990485730777,1,y,
2022-01-13 07:27:00+00:00,-3.780419541778774e-05,9999.990447926582,1,y,
2022-01-13 07:28:00+00:00,0.003962170558865627,9999.99441009714,1,,tp/sl
2022-01-13 07:29:00+00:00,-0.003037766086932027,9999.991372331053,1,,tp/sl
2022-01-13 07:29:00+00:00,-0.0030377672790757294,9999.988334563774,1,,tp/sl
2022-01-13 07:29:00+00:00,-0.003037767267594228,9999.985296796505,1,,tp/sl
2022-01-14 07:00:00+00:00,-3.8484358156782335e-05,9999.985258312146,1,y,
2022-01-14 07:01:00+00:00,-3.8470189775844964e-05,9999.985219841958,1,y,
2022-01-14 07:02:00+00:00,0.003961482690854465,9999.989181324649,1,,tp/sl
2022-01-14 07:02:00+00:00,-3.851352757621839e-05,9999.98914281112,1,y,
2022-01-14 07:03:00+00:00,0.003961463956218449,9999.993104275076,1,,tp/sl
2022-01-14 07:03:00+00:00,-3.853229258109008e-05,9999.993065742783,1,y,
2022-01-14 07:04:00+00:00,0.0039614209934847105,9999.997027163776,1,,tp/sl
2022-01-14 07:04:00+00:00,0.00396142254753221,10000.000988586324,1,,tp/sl
2022-01-14 07:14:00+00:00,-3.860376223082431e-05,10000.000949982561,1,y,
2022-01-14 07:15:00+00:00,-3.8600187233544176e-05,10000.000911382374,1,y,
2022-01-14 07:16:00+00:00,-0.0030385546302545466,9999.997872827744,1,,tp/sl
2022-01-14 07:16:00+00:00,-0.0030385546185245837,9999.994834273126,1,,tp/sl
2022-01-14 07:16:00+00:00,-3.8556409950022444e-05,9999.994795716715,1,y,
2022-01-14 07:17:00+00:00,-3.8567900793073114e-05,9999.994757148814,1,y,
2022-01-14 07:18:00+00:00,0.00396136560906627,9999.998718514424,1,,tp/sl
2022-01-14 07:18:00+00:00,0.003961365593792659,10000.002679880017,1,,tp/sl
2022-01-14 07:18:00+00:00,-3.863445495296154e-05,10000.002641245563,1,y,
2022-01-14 07:19:00+00:00,-3.862479466144021e-05,10000.002602620769,1,y,
2022-01-14 07:20:00+00:00,-3.864846603231384e-05,10000.002563972303,1,y,
2022-01-14 07:21:00+00:00,0.00396128180586958,10000.006525254108,1,,tp/sl
2022-01-14 07:21:00+00:00,0.003961281790565388,10000.010486535899,1,,tp/sl
2022-01-14 07:21:00+00:00,0.003961281775265022,10000.014447817673,1,,tp/sl
2022-01-14 07:21:00+00:00,-3.872141165004045e-05,10000.014409096262,1,y,
2022-01-14 07:22:00+00:00,-3.874814055372177e-05,10000.01437034812,1,y,
2022-01-14 07:23:00+00:00,-0.0030387303803344075,10000.011331617741,1,,tp/sl
2022-01-14 07:23:00+00:00,-3.87281456900643e-05,10000.011292889596,1,y,
2022-01-14 07:24:00+00:00,-3.87354891529037e-05,10000.011254154108,1,y,
2022-01-14 07:25:00+00:00,-3.875038966493846e-05,10000.011215403718,1,y,
2022-01-14 07:26:00+00:00,0.0039612130053293245,10000.015176616724,1,,tp/sl
2022-01-14 07:26:00+00:00,0.003961211770937938,10000.019137828494,1,,tp/sl
2022-01-14 07:26:00+00:00,0.003961211755596917,10000.02309904025,1,,tp/sl
2022-01-14 07:26:00+00:00,0.003961211740252987,10000.02706025199,1,,tp/sl
2022-01-14 07:26:00+00:00,-3.879492273048861e-05,10000.027021457068,1,y,
2022-01-14 07:27:00+00:00,0.0039611803059215675,10000.030982637374,1,,tp/sl
2022-01-14 07:27:00+00:00,-3.883263341651999e-05,10000.03094380474,1,y,
2022-01-14 07:28:00+00:00,-0.0030387538786178212,10000.027905050862,1,,tp/sl
2022-01-14 07:29:00+00:00,-3.8720142372377256e-05,10000.02786633072,1,y,
2022-01-14 07:30:00+00:00,-3.87179732451259e-05,10000.027827612746,1,y,
2022-01-14 07:31:00+00:00,-0.00303869281149145,10000.024788919935,1,,tp/sl
2022-01-14 07:31:00+00:00,-0.003038692799725621,10000.021750227135,1,,tp/sl
